"","1971","1972","1973","1974","1975","1976","1977","1978","1979","1980","1981","1982","1983","1984","1985","1986","1987","1988","1989","1990","1991","1992","1993","1994","1995","1996","1997","1998","1999","2000","2001","2002","2003","2004","2005","2006","2007","2008","2009","2010","2011","2012","2013","2014","2015","2016","2017","2018","2019","2020"
"241",0.0239199076232445,0.00873900692323379,0.0218475173080845,0.0229973866400889,0,0,0,0,0.0625797551744642,0.0659633673645216,0.0610886945604485,0.0314684709637371,0.0727458447328904,0.0447127065886298,0.0603787879615346,0.0510108580598465,0.00566202483482195,0.163479754321503,0.00750651065007619,0,0.0269437855860275,0,0.017076921433548,0.00771088846167688,0.173044665723456,0.0507020403399452,0.236672809275567,0.432860401699525,0.574916229544532,0.432552660003886,0.273293699754716,0.411004105942497,0.0333566449072997,0.138557134186362,0.326240435939708,0.545543979179904,0.622467245565056,0.484472888513098,0.0770113830973831,0.277980448796793,0.452567373807443,0.210941583051426,0.365504328680925,0.565888246435598,0.41373166019295,0.627928406023747,0.731989176032095,0.525937782813391,0.798913210679959,0.148048522324278
"201",2.46685604672241,1.68895075177724,3.42553133912393,2.73066479673466,1.62852547927087,0.898367707669616,2.70151366966707,0.66839175653697,1.80516295894899,2.73691121722757,1.33710396254041,1.48080445563291,1.52478940893146,0.701509004118858,1.20966344850792,1.82264152131066,1.71550260503493,2.39316840455953,1.86607410991961,2.63605633768304,2.08395105896331,1.89579711967725,1.60660372076674,2.20573339841804,1.69663692581958,1.92151077093843,1.77117531780315,1.66401457172507,1.07072123039009,1.15123274296529,0.790280952604655,1.00652118726334,0.403496443800016,0.683699378352741,0.734339781409296,1.0472102497564,0.664355354857555,1.29886489206942,1.79501347410085,1.99573340138241,1.55052923981932,1.82421400122426,1.44963102335249,1.18931003487524,1.61380139831754,0.765194496313972,2.3159861342523,1.57908336343708,0.699670155740511,2.31308231262641
"204",0.432573934463071,0.245089858278171,0.448422914580624,0.31202682563622,0.0152274970486595,0.307384827889833,0.11426216725596,0.612476311653459,0.0933017727920556,0.279570753704344,0.265481607738156,0.185917274941876,0.248404257494716,0.202205931605801,0.794132591891151,0.801129615249683,0.471777237178475,0.420460572824544,0.320951874247947,0.209845742745505,0.305538877702863,0.184096185627017,0.224207911600472,0.0664523252573153,0.106709437069347,0.112661837174095,0.284843208523336,0.108191969174836,0.0907995039300055,0.243879657142795,0.151768082830017,0.085611881416277,0.0816135909085131,0.0297794382560301,0.0154530315990396,0.0779857571248344,0.0500449358144311,0.066604727293244,0.0389544604059598,0.0396251651833068,0.00444647472351246,0.024602448652896,0,0,0.00473044607614671,0.00381487586786025,0.00754858416406389,0,0,0
"202",0.0462921184048819,0.232275273590237,0.425135451286296,0.388669797771105,0.0634787388556136,0.104244240921485,0.136504252841439,0,0.112765154430394,0.278138792882231,0.0513919668495923,0.0245122558288668,0.0586269893678587,0.129821255055809,0.0936379535444749,0.222058563387924,0.142572821405588,0.304144336444179,0.110433815054807,0.284304983445427,0.232212121786984,0.106941697294123,0.346740470527337,0.263720066485434,0.230353475007712,0.465635968665928,0.168206523676731,0.388681457215342,0.197741296719752,0.146649365262123,0.141749656877672,0.0916350689237994,0.0708114537585261,0.0740781165369138,0.169567080111573,0.217124001199226,0.207629220207159,0.223777376552576,0.126266584844654,0.2852261776889,0.676432808253862,0.0757736925539781,0.32766511487284,0.092404059665817,0.154834351290165,0.115527360802241,0.313792664110857,0.199450732236763,0.0904380948601791,0.216323093152446
"220",0,0,0,0,0,0,0,0,0,0,0,0,0,0.0040904505794827,0.31400352904568,0.300343308570546,0.155793058800104,13.6245875033969,7.52326054644942,0.59319928396221,2.06075236759369,1.92898477470137,12.3137864816788,2.73595583322393,4.7851409038941,1.10039086289207,2.07685157182316,0.162016138260326,2.53101945252985,0.65197456765906,0.0492321090907235,1.214715217458,0,0,0,0.0254338243202582,0.0184717620754134,0.00682444650653639,0.00639779358468879,0.00778678826351906,0,0.00884177247986681,0,0,0,0,0,0,0,0
"221",0,0,0,0,0,0.0595841381129577,0.047317833591427,0.0838906152392241,0.761336859680583,0.152237076353788,0.0198613793709859,0.0136546983175528,0,0.0218475173080845,1.15747705334246,0.0121375096156025,17.8237412256236,0.0679854931740432,3.34424088467542,29.2037584483608,0.0826166620893951,12.4181946664767,0.014565011538723,0.0745385884628765,0.0915960988849092,0.0321307865876355,0.0748674374120643,0.122746594314378,0.0364760272775655,1.53456217515865,1.71595210136573,0.0121375096156025,0,0.00878689030849064,0.00386049119146776,0.00635102247328037,0.0257849486570694,0.0107008248039597,0.00794807010008068,0,0.00936322170346478,0.0149694275305542,0.0185201655341521,0,0,0,0.00620668105343309,0.0373085483696663,0.00607268277309535,0.20705269583656
"712",0,0,0,0,0,0,0,0,0,0,0,0,0,0.0590248784800728,0,0.0112597659751143,0,0.0969209820367988,0,0,0,0.0615287104663065,0.029130023077446,0,0.0636889574859797,0.316576562442802,0.397445545696625,0.0885392087640526,0.428595776403066,0.175776426212352,0.36631943481729,0.131193167518306,0.121107191560704,0.164830408468532,0.115204431043957,0.355873364842926,0.304516186579653,0.228022811394785,1.93402126811081,1.13864215853876,0.340367056615679,1.13907751515227,0.246623764204153,0.58916753800028,0.219394706414466,0.237031979789366,0.378798507031588,0.0876329594357549,0.0142476432354831,0.0400377921942217
"62",7.95083745186674,5.31260607190667,12.7855332308208,22.1841729591723,1.42943793491875,2.52195357081489,1.33068397684805,5.16196721694873,0.820700173715448,2.47589749290257,0.177123063941226,0.683365618432928,0.604706156451092,0.287824259172721,6.57169391714978,2.94527388779431,1.35594441195676,0.597389149745735,9.38576483090191,1.19126447807749,2.19683806552556,0.245988846088076,1.92589441976794,1.74645717618005,0.740342455928572,2.40358843777388,1.00201195828751,0.307925425974812,1.23657235101822,3.01402670171229,0.85357735248311,1.93889507228071,2.70226853928924,2.56347995035183,0.477686602631229,2.11314166235793,7.82168115800754,5.37182326434947,6.28104947130553,3.50862608663704,2.82598909564874,5.92440722662615,1.01077807355776,16.1234059746908,14.8939369661164,2.96877629264068,6.77304194480974,13.476438391479,9.52699131551354,8.23428779287458
"60",49.3688654038726,25.2808337967241,31.3471912645649,5.69038482779587,18.3883793199007,14.2624379116136,16.6935705213712,54.605557018258,12.5843185778252,2.23390256985044,2.2346252903712,7.28802314530231,2.83112427469667,68.0071041599386,85.2758448870873,127.605422080828,165.342237844666,91.1422416163655,86.6892495870726,244.197817182502,299.830990828659,208.402928214749,76.4015751994062,144.753886966635,273.14300225108,43.5271306989921,203.299766060721,78.4311696845555,236.043604179204,151.572297386812,211.12103313966,287.86921814404,365.392936132004,205.375956626935,326.388228095754,117.585197292669,1023.15431789883,275.744922260931,361.339145432573,1068.98816160762,565.968218270793,3487.33296053123,143.549616527697,277.990380712703,420.497809476106,150.716504549359,129.416388467312,117.617373435455,34.5530250651939,15.6928748110684
"110",0,0,0,0,0,0.0178054389959455,0,0,0,0,0,0,0,0,0,0,0,0,0,0,0,0,0,0.0564690956916586,0.193294785570281,0.170526190161507,0.131023484578563,0.0499042482567838,0.00717174489312668,0,0,0,0,0.00658067706435174,0.0374350378469887,0.00684390414692581,0.0199468770894436,0.0192651827145445,0.00994144947416708,0,0.0206892938508974,0,0,0.0149037413508899,0,0,0,0.00625943115040149,0,0.0065814191417035
"10",39.1618383990509,50.7181540009295,47.0257805356838,45.8265772885031,38.2646645634009,75.5340991916873,92.6574696819331,137.535248276075,192.505723418724,188.143977395406,268.176003729698,238.202882260617,214.873350417397,162.18122671093,281.560009315452,236.06996266032,164.689038471839,302.943622549912,215.104874318752,125.817924365399,110.453803197671,54.8744391414827,67.4239892304315,54.6693497927861,99.4915030222262,67.1216171485499,52.8466441142613,52.0635819626719,69.7815050361006,49.6739114542118,121.253869146427,84.4550215051394,23.4258432216576,68.2202385517834,34.0260212335923,37.9046841396142,33.599939921406,34.0346417061922,45.8524017152598,22.8788793314351,15.541860088919,17.7139418676365,66.4014038016517,38.2245770955928,27.3506768679734,14.5178077139113,9.68004075029288,40.5946393380012,7.27682439682002,45.0626586547341
"118",0.122701888232802,0.0433702669751561,0.0429180005690508,0.365123600876573,0.40593458129509,0.540812099967309,0.498992970119337,0,0.190508649587781,0.295691202671161,0.124356737493249,0.265830089196661,0.0181732487266961,0.0298834143353256,0.0394848318050644,0.0059382094444952,0.00883669666503823,0.0289922240332443,0.173492166950129,0.170012756291831,0.195072144726872,0.477460102289746,0.723228693159657,0.669087565191497,0.86921003031562,0.637391251090079,0.827060767864149,0.762341323406205,0.477306225222466,0.207054119465726,0.43790876527925,0.58514596851996,0.845614567389273,0.480052589047474,0.387013284232273,0.379277593944819,0.666951004518578,1.04849189242446,1.13498391505093,0.253326540705674,0.288330650558466,0.154312475778594,0.106624955554375,0.626596245245853,0.176128920407695,0.160947638037102,0.0361200863069989,0.0715077043576011,0.118267401066051,0.062506271148808
"11",0.0524098119855418,0.149935864515955,0.0912828703259305,0.0176031419258628,0.096522553353339,0.11589461078289,0.0175205868939733,0.0824204865610548,0.415825823192014,0.0180682708180021,0.177079816747888,1.05759218917523,1.74042997251414,1.1091958115451,2.28536632345961,1.69078173421102,0.15097150567003,0.207532977878238,0.236873468666286,0.337536385146853,0.0612461531525988,0.067712160210453,0.0154147333196523,0.0115059820730346,0.00928186200212446,0.114362109216761,0.00966825209438698,0.131792433510061,0.0480899230986152,0.197772974608653,0.0119958153280126,0.0397614103568957,0,0.0142341406462004,0.00290071010522158,0,0.0101107586336106,0.0232050198148441,0.199836170640775,0,0,0,0.0897011138565425,0.00499590426601937,0,0.138519067129142,0.0228716749337178,0.0533412168812379,0.109752351922022,0.0133673623558903
"16",0,0.0288374911671811,0,0.0542879089118083,0.0180156255601829,0.0193024559573388,0.00423885166789676,0.0569019011468299,0.0240253128660798,0.00924606919481571,0.0299972210808483,0.0195729863695724,0.0259487466815177,0.00938018126353455,0.0829994435501041,0.05832837381934,0.262472265054263,0.554743354762417,0.0496705467121732,0.0483030868316693,0.136132756704641,0.0508460031965892,0.00133445330285639,0.0306173218728092,0.00545009902695681,0.0550518186648544,0.0333513904162396,0.025145522060448,0.00682444650653639,0.00210301482628565,0.0298642074823714,0.0617723143626685,0,0.012753198889401,0.00665396543025968,0,0.0252768965840266,0.0270725231173181,0.00673740823105814,0,0.00712503125187326,0,0.0195953528479773,0,0,0.0279064611834163,0.00638816295558026,0.959953114961063,0.02666928067431,0
"410",0.196922817078322,0.174050120624768,0.121330302379868,0.0759831576117549,0.125133605251698,0.0595841381129577,0.143106804038386,0.0249386861556697,0.859020178345432,0.441250097687325,0.379052994571778,0.236796382143229,0.852195408810333,0.263864873166376,0.96831391686895,1.63363913748461,1.77322586931309,1.32561914894584,0.157792673695702,1.70571873300979,0.99068285675684,0.838778327727514,1.51794936469454,0.883976751586953,1.23102801295868,0.443901935078827,0.856650140692305,0.794831354471738,0.723622321100749,0.333480494368077,0.291496290955328,0.353428216833759,0.23576772693059,0.197598165619244,0.448971695518147,0.451881649468267,0.349829316307703,0.278624247491494,0.18409626250864,0.355696140044563,0.20529155582179,0.203280238783768,0.235710158778543,0.117398851879723,0.173624072147809,0.272633803572697,0.471568278051098,0.807238884389021,1.30274400942572,0.795501054245166
"14",0,0,0,0.0807785156655127,0.0216310096417952,0.0110524441031465,0.00423885166789676,0.00626451217528767,0.0121375096156025,0,0.020782278387321,0,0,0.125630954631231,0.197983964720731,0.172041928886806,0.416824652844981,0.136478873291512,0.076813583434186,0.0310358463956823,0.04566802431312,0.0284851275221207,0.00728250576936149,0,0.00635845608006454,0.0104057966536849,0,0.0167748297230385,0.00279991351110144,0.00244052794604394,0.0195715816527477,0.0223375253183055,0.00844538484610293,0.0049666884515982,0.0105431848042393,0,0.0160611076549709,0.0625418322251905,0.0370317788572873,0.0139052981333226,0.0489946221686645,0.0612662520618412,0.195017519532995,0.0704948056817925,0.0711609627830093,0.192060631804279,0.0949210927730661,0.089977448036467,0.131960296612217,0.0678565404397762
"114",0,0,0.0218475173080845,0.0379380848057002,0.0128514807694615,0,0,0,0,0,0,0.0361741670213287,0.0296075352500589,0.0451242985106943,0.275330039186891,0.543552403475039,0.231459401366197,0.431525090636294,0.0660097834664171,0.274306328213433,0.23911155416668,0.2946745907939,0.444073174251032,0.526661158958484,0.803487613976874,0.587568920153034,0.684626501371295,0.998010532356681,0.462183511516423,0.164893512138199,0.153475152778105,0.356438857815556,0.389555980659388,0.250869067586231,0.667850212338228,0.280147271269486,0.442152793022381,0.718813264714225,0.338826163161218,0.189631851381046,0.186034454303558,0.2449926282878,0.373241238871729,0.421204948418741,0.346415524224763,0.200337006509199,0.391050702250837,0.294149529307215,0.249257188802605,0.469062401899616
"112",0.121727446415593,0.0879334104723211,0.0377861559915125,0,0.15016426569479,0,0.10106824066473,0.044132337485199,0.132024845862619,0.111099518703636,0.0198613793709859,0.0849987694256208,0.351192272999409,0.107337285630265,0.779763181295128,0.684637266382304,0.28497277418062,0.35179106832437,0.197903345266919,1.97011781195833,0.360901543807006,0.193812635530948,0.405168194012477,0.116551515462391,0.258653480050326,0.0873313907374156,0.219198719021829,0.586913328759155,0.209424382813599,0.332907055551351,0.184923086766031,0.105123562986099,0.057352958849441,0.126320157707855,0.20187587900238,0.107537785659542,0.0631163498304105,0.114568936171149,0.246456323061825,0.076003377528559,0.111702485243626,0.0179232150374096,0.0280401976838086,0.00548612563378864,0.0444804887737509,0.0059692670240668,0.0270512162346359,0.00425328841271254,0,0.0197034464183298
"12",2.11939679129705,1.31218884622053,4.46146053081858,8.09127980519032,6.25696629747767,5.50905817177598,3.38476599255557,7.33266360272466,6.27588988088153,5.58407930335108,9.00271523354707,2.95390845473504,2.70106947855513,4.00427022120275,8.50618768910247,15.4167338686722,5.22777944929493,10.3354691075339,7.54395698787648,7.01526598417586,7.05701121144671,5.23158711021268,2.43400215410757,2.47924093325255,2.00464387253424,2.42354375292777,3.09619654242723,2.65902274974303,3.75471290419539,6.94259151227298,2.97325482386535,2.40412375079857,2.63403899777947,1.18871137302112,3.05878670744826,1.39857645385761,6.55002447642371,2.6164679606491,3.38540361592094,3.03689072036688,2.12105730156524,3.13554674669749,1.34956723518737,5.61764633244308,3.07856250279332,2.38117500307224,3.90550164077507,1.12767814020322,4.52682944701917,5.3025118348197
"361",0,0.106670268778821,0,0.475682562565331,0,0,0,0,0,0,0.00922241702932785,0,0.00690685943872497,0,0.0574779962244307,0.702791047041937,0.232852108684496,0.353316805860298,0.0379380332860579,0.401017287414342,1.53650259806787,0.177605824621343,1.19218371116399,0.231234231612211,2.80096735108644,1.48119675681466,6.0781669761053,4.30880799475289,8.1602654172457,2.64670909363397,3.62099986819264,3.53461149290409,2.61701939229969,3.52852718873331,6.2626958572021,1.64327241178073,1.35837714747179,8.26955104311319,0.588115637888151,1.01745880509622,0.115119395085273,0.350435849274383,3.24030014860568,0.0566360793476729,0.773530711682523,1.00820645398695,0.0870198284439611,0.283347173197209,1.53821117531123,0.101009622150778
"64",10.7852681798216,10.2365868154034,1.28699648521577,3.12383525363718,178.777181681877,14.1898311599675,1.18626631551269,0,9.86822805943245,2.8016611048671,4.80667669537763,19.396412457649,0.293912390534915,0.184305022001725,3.04215396522392,0.0910440203304493,1.8160439749075,1.74187864902875,6.33293320250789,1.79077099089303,330.449748393205,15.1613056630175,8.35406544588118,120.15625425395,31.1256824765412,712.708809516494,69.1279759070654,80.2346068950816,1043.27704276032,402.289404340937,325.073710589768,469.911518920241,140.325376105118,176.638044128217,49.3465107803529,68.2937247129207,278.062747769258,248.715522814274,251.177621999697,1368.44699514117,2177.2975325975,881.083336222338,2789.02219612952,1173.24820686851,671.281475113732,129.939992585591,1411.14755777923,161.744877174803,301.414099238744,644.809951631692
"63",0.175444931960908,96.4328684496961,109.364074019306,470.506893889623,8.25685446915583,4.09726115984578,19.8624608226266,19.0166317360352,5.17788907620517,9.54048139754097,17.1904283406668,11.673474538213,5.61451212240729,33.1968888776682,95.2692931450367,8.86020360130388,14.7496311850478,0.990908455794441,11.1097219689444,3.37796769801852,2.31973804240472,8.92415945676685,6.96995012510195,2.19822312620536,31.1651271314896,42.3088475977567,12.8234368371593,12.742709795139,20.3404742637269,15.1295162431581,20.0538902000195,36.9442802617338,7.25999644418569,48.5851608772506,32.025264792264,64.5042087824824,29.0100215255374,20.5127321289775,19.9766182107408,25.4266147774163,15.9962464330178,14.8421354669378,20.4627489514798,32.1961874128148,34.476760386971,18.997047024846,42.529416004035,16.2868864933476,30.0136769111679,57.4237077335346
"610",0,0,0,0,0,0,0.0132466346849516,0,0,0,0,0,0,0,0.228405706977456,0.0700067505073295,0,0,0,0,0,0,0.00557266089234278,0,0,0.0108900569192666,0.0150064933407745,0,3.60359241925676,0.366667167364298,0.302989541558184,0.532387644116665,13.3611301184857,0.102827341865632,0.859525961621958,0.11846536153304,1.03661038600534,4.41046136757126,23.1198168302169,32.9136684342636,33.1409595218059,120.661556208241,125.023648198222,10.9126006763986,194.357331710568,116.961683731971,34.5972741057853,26.0754694893359,111.878752932876,79.4995713138268
"50",0.0117354279505752,0.0175971147474247,0.0501837381535902,0.00450377989714031,0.0522189510126782,0,0.0391076850728541,0,0.0165134935811069,0.0323383447468019,0.0208036556883354,0.0358452643851105,0.0183302591670724,0.0238062860500765,0.050303757849643,0.0230215632765294,0.0564675861354309,0.193899365964773,0.0554722209304517,0.152139361903223,0.0954953808441996,0.201696764891883,0.0233395372167486,0.133122469404386,0.0794252260076496,0.13824614335582,0.101632091791841,0.0533428490058287,0.0219106366089281,0.047611629603995,0.0357537858941185,0.0849792378900785,0.0270629356170135,0.0372659377015709,0.0853711251202608,0.0636670384266143,0.0819029870341677,0.0305062906742852,0.036333845844577,0.0835479526589778,0.0467257437866558,0.0504178007360335,0.0959702494158616,0.0884923886253475,0.130817084742483,0.131896052938267,0.0236323354889564,0.132817455890694,0.0244428351566278,0.0604521679463586
"122",0,0.0141120544992153,0.0787856333120776,0.059951089296525,0.0152274970486595,0,0,0,0.00860758922737266,0.0330821674140912,0.184126434212702,0.0064556919205295,0,0.0263477309967455,0.00948412884279825,0.0447205736645969,0.031389595682352,0.0811317045966214,0.00811641727566375,0.0472940616257801,0.0200450663335187,0.0947352351698272,0.0225956718025906,0.00746139484714646,0.105430219589163,0.0825288855855653,0.0289122653298073,0.0548295846502655,0.181665469363257,0.240632067536569,0.0610296081051998,0.131020353151675,0.0539438631192885,0.0487802616305084,0.119898942649186,0.0975608465538227,0.100322977063817,0.0422481247219089,0.452452024699672,0.0342461737066147,0,0.0150715146861089,0.00478199401520703,0.230080473509351,0.0258713635710524,0.0564564612150166,0.0064235740502781,0.0237567947355347,0.0451128643180002,0.0309892983074628
"623",0,0,0,3.94502146306365,0.0143025528147635,0,0,0,0,0.0224674834484128,0,0,0,0,0,0,0,0.193211025888972,0.0184504288008866,0,0.00598276719048931,0.0113007824709242,0.553791489591087,0.454296342375473,4.11633065165876,3.5114037764125,4.7045438224644,10.5763755319799,10.7928446278585,11.1082355514672,10.1325495478333,27.2808676617354,9.81422918334101,11.9344041166545,25.1779783990394,12.6403193258251,30.9921227592659,30.1686073146351,24.2462902588682,32.2903026731093,11.9924531088221,8.67812348845751,16.6152821747029,12.8844630646411,5.62066996223446,3.52369403923233,3.77264735712975,7.3478589034675,14.900253156307,11.6839000311591
"622",0.241370321079533,0.344861694886901,0.0178801494393145,0.00500428421431506,0.0150128526429452,0.0188734910748319,0.271381950851056,0,0.0758518528375546,0.180158754884654,0.220663614054509,0.0748024449472199,0.0368844911438063,0.4288815205739,0.200572745619351,0.0312278412919733,0.0622232944894866,0.269221245845027,0.0216498397229301,0.0576356770556785,0.169169566684397,0.128810012320314,0.410263028349359,0.617245747161998,1.23806154945927,0.573716081621652,0.294005222370391,1.58059017003384,1.63004399034613,0,1.19554530079044,0.991986225131835,0.0259095114749443,1.49313386732558,0.652947462150215,0.503107757980424,0.339253889114624,0.691291417791442,0.468277932405365,0.299036531467638,0.94684343386288,0.701982172375914,0.598432162544344,0.25639459790108,0.132536640278739,0.416249887069172,0.240495928442622,0.254244853293769,0.268746512406125,0.146023152656511
"624",0,0,0,0,0,0,0,0,0,0,0,0,0,0,0,0,0,0,0,0,0,0,0,0,0,0,0.029630183748441,0.022651734855778,0.0342340142096798,0.00485645520289771,0.0260768426920133,0.026108516822955,0,0,0.0109249481506971,0.0037267802239218,0,0.012900756658936,0,0,0,0,0.0246095513094395,0.0153292754641862,0.0636761087191612,0.0220786519964018,0.0176368788879997,0.168791741685171,0.0143675818698512,0
"616",0,0,0,0,0,0,0,0,0,0,0,0,0,0,0.00906141914190013,0,0,0.0128884634768478,0,0,0.0626940020434049,0,0.0295950186292828,0.0209486922432333,0.0786345673773759,0.270138595755997,0.112047591748521,0.286781033204105,0.18409587379649,0.0673650797436117,0.0425155008348208,0.0307675838704672,0.064851966170658,0.264937380020442,0.227937214483373,0.120396487437159,0.0715329021135937,0.157592013842551,0.17047590789477,0.19802101646549,0,0.0615590238037482,0.188819696332714,0.13003636326027,0.0587109144575147,0.103537712992826,0.0236281752407205,0.256723658540512,0.0340824909474323,0
"598",0,0,0,0,0,0,0,0,0,0,0,0,0,0.285327162225728,0,0,0,0,0,0,0,0,0,0,0,0.00618565733421344,0.00583857140928394,0,0,0,0,0,0,0.0035434414961894,0,0,0,0,0,0,0,0,0,0.00625237474767954,0,0,0,0,0.0239206393884137,0
"646",0,0,0,0,0,0,0,0,0,0,0,0,0,0,0.00248267242137324,0.00606875480780124,0,0.00520444955567441,0.109237586540422,0.0309506495197863,0.52148745389884,0.0239645077243291,0.0228843093798979,0.0299867884620767,0.111165352119324,0.281483124426591,1.36051108569157,0.892554550274011,0.764333627706193,0.137689943551458,1.52703418712038,1.50883131196898,0.21575741299646,0.694965048875333,0.174329943580343,0.795072947742569,0.128417077309402,0.138442912426772,1.31427036904734,0.481390968748796,0.290438820618143,1.61405488176014,1.51788724505238,0.129589005023169,0.27226822584535,0.273457736447529,0.25106206343039,0.0759872843926841,0.0155755063793899,0.00900229112332871
"640",0.0486163881447374,0.265357648812176,0.513124140506909,0.124825645652971,0.204430244150101,0,0.16085415686255,0.193355403201542,0.0495478894590466,0.0541114823119237,0.0753156980406413,1.1771238586976,0.436473434626239,0.0367421421058674,0.0696041477392684,0.127409243594889,0.800715146987585,0.11199169370091,0.160050260146669,0.224662468270071,0.063098214536995,0.161129679708437,0.0989648426590331,0.185628359233396,0.221849575461432,0.193860262118004,0.230587204090734,0.359132168020664,0.608376305238712,0.112076958721409,0.33241465311996,0.0357863719590238,0.0259367070815377,0.0775720541323941,0.0714742618116873,0.0858545239563272,0.0267733435766846,0.0877387578536264,0.0465063828881544,0.0310668971666957,0.0163386789957976,0.0314854173517362,0.0429650117232518,0.0377574757911421,0.0443960805709473,0.0551183822494977,0,0.110092689968996,0.167454645964298,0.0150218666563775
"41",3.48858338356293,1.27874211140983,2.33044151971324,2.75918113268683,2.18492690178054,2.26684118620559,3.16236757812994,1.71004830051953,2.56551224771752,1.31241150926382,0.941121497894407,0.830552067610475,0.762483086422175,0.805951077251328,0.869716939633122,2.18983876900602,1.74584854925392,2.86839686396947,2.07176977638406,1.85368264328621,1.2278739576801,0.524911654762286,0.903590246070178,1.48223690465402,1.05015456819835,2.21944459775272,0.859053369027473,2.46767506848183,3.46198706575858,2.35494504774057,2.09797996442243,4.06112750309178,1.01258191079091,0.933425631524017,2.01296781156512,1.58728696411423,0.876076877334533,2.51665960891837,1.45525817898698,1.60130871386668,2.15397446675411,2.23697146125717,3.0077820518323,1.59331606999333,1.39906684485133,2.87482171486008,3.66200914936145,1.79119753963372,2.88710627792919,4.81201582117962
"40",173.655502998966,171.967983065531,164.799919437668,372.101818556239,352.752845976298,618.851697817538,797.638982099321,403.359152262888,604.701843377225,424.699954931685,417.661497198501,230.148600185676,249.711111022919,142.623892376939,169.483244280111,202.745013801017,213.125725106025,213.190321990502,176.287763179652,301.815336595861,310.855742777626,218.719199500776,188.387286588586,181.839549629726,153.137797598835,148.444527200305,114.294250985992,129.530271817161,113.455504080552,104.830565152759,103.045985446017,90.7156377200087,150.628313396416,95.0218770550158,111.957828884748,107.966212897396,114.34631186875,154.509594255103,99.6827616054692,166.586315031353,131.894286791319,115.446766603562,160.720401120549,157.572994324439,155.954183286265,120.947758762877,120.01183550231,104.410567028403,178.205059863793,129.598053145211
"30",0,0,0,0,0,0,0,0,0,0.0121375096156025,0,0,0,0.0382958127097271,0.0351722200596533,0.01953861753694,0.0136797228306732,0.0489784970756382,0,0,0.016523332417879,0.0236451194218058,0.00728250576936149,0.00666123214405833,0.0385610134193377,0.0288917079465271,0.0135985081725402,0.0478748435884422,0.0477526139921748,0.17803700561283,0.133014251138165,0.452827061406983,0.14045948551948,0.294323872020372,0.172248066523792,0.339391043546481,0.500359787415113,0.355516283786824,0.301070953454036,0.408367291222783,0.573558806774706,0.568162572240561,0.439149955046274,0.455985845578985,0.60057205159,0.640964456179166,0.500295340574856,0.349282598535999,0.526622161118886,0.762337716835373
"42",5.37846134425898,5.11436063947152,8.6718675451539,14.5652034478204,8.74016399544271,7.99047737960556,30.2014062320643,16.7305920289415,28.6692932473143,28.2663027882321,45.2013940601917,21.234814890693,27.4073113089465,6.15145088468195,13.831743156955,18.1395646004302,14.0762112371114,14.5896385597121,10.9563994918314,16.1626442905055,19.1622233404645,14.9257203578561,25.3592790587046,16.6264197486947,19.6777525528522,16.9839503409212,14.3242499028782,16.2458818092006,21.8042301394847,20.4385519347642,21.2911805961194,17.9999175196459,11.7405727920073,22.4824913843472,17.8139401403582,28.0240443018109,21.4879268032057,23.2906837002477,19.4443765095175,25.0605998321888,17.2379653278002,22.4428764213683,27.8849167142399,19.4920338651182,19.1041455795192,9.39714749875669,12.2536433597133,10.5682236343276,21.5435469109134,14.3460504074615
"43",19.2137420855406,22.0905519194856,21.2453069816208,78.9769736546696,33.7634638278984,150.554030490236,23.4924730446925,58.121932125612,36.525407315241,62.6763379373558,57.7512197205269,39.5218150482175,68.7406966744799,19.2756770655266,25.8285373572493,40.3331551010157,20.6059280730193,29.2820151873558,44.6217507961544,53.5126018957898,36.0199795587526,44.6251384650473,26.4065593093137,21.4955871172807,58.227149756929,31.6486079258847,33.775533361639,26.4309296239119,44.458036144691,49.1004380720174,30.9527053895252,46.8551845990821,33.24101721509,30.6543414058442,51.9448120336802,28.916093823244,27.6760768947877,22.2677500263362,42.5434537224142,26.1971074649603,13.0547173308759,9.29102026050517,14.3746795667204,19.3260032288138,13.2375848733941,10.5149514017735,14.2489495570832,6.49432818697614,21.4325317504043,9.78459764685965
"31",0.0600520852006096,0.0304802619705062,0.0620881337457864,0.282327934885838,0.271393308064826,0.460892959597976,0.425338583674912,0.323156250330324,0.19703634777869,0.097610237418275,0.0216693975438763,0.268654773380826,0.758109519296803,0.347966156812084,1.5216600891009,2.44404286489107,1.85327327529722,0.689007201098337,0.20856106898706,1.07732616257879,1.1592291259102,2.02383139548385,2.9499397173867,2.63758285178511,2.830580152644,2.88723201810816,2.57244288269378,13.343089078982,10.5372590854288,20.1476628017407,18.8112922369524,16.209853412229,19.3038944684502,10.947163819846,22.6089869165083,12.8673748359516,19.1952274295765,22.2945684429737,10.8789230912904,15.4030303645212,17.5191617986665,10.7437801726943,10.9932288045369,6.95278297449402,7.10143369954212,7.53420824919325,6.96160437343638,5.02410683503165,4.84370024612144,9.07798425930438
"143",0,0,0,0.0401437742881969,0,0.0976822909739674,0.398818300868267,0.125051343396396,0.417721241916614,0.0776162997456842,0.120907821359544,0.483681150981637,0,0.11751540489666,0.375277308747846,1.44450908452904,0.0502195627711285,0.203699056265242,0.601815286150451,0.365463892612198,0.876466960546323,0.212361402644779,0.476131244910469,0.378828938178108,0.761256171573071,0.863830010711006,0.458905845009084,0.329255614419034,0.126898906674312,0.896837978204189,0.116252326659187,0.123085431372317,1.82398416249192,0.152419356198815,0.0421635991439602,0.0979261179669836,0.320339248613769,0.0436289087169608,0.120928120113334,0.0600202103425182,0.0772892415525315,0.0258695307936322,0.0707646284986033,0.0224952938652222,0.183180258245024,0.0508287737483348,0.0188144026827818,0.099845530201922,0.422168760212923,0.519505684372942
"340",0,0.0223088179188432,0.0487645388684035,0.117284500033048,0,0.0200088958031352,0.134417575633147,0,0.110195710073275,0.262770088429069,0.0754694635605342,0.0522467354748766,0.12195526242745,0.0479907256526134,0.40377539693392,1.40584308503091,0.526160098740968,0.47103512151304,0.674366801728943,1.70786463222397,1.02757428784435,0.597738343866474,0.841919334595739,1.43941848653104,1.46081751143443,1.93719610147011,2.01062424424092,1.51330534424898,2.5279248557214,1.63846462424461,1.15713627530307,1.80571814888819,4.15887116592402,1.58695346119256,2.10766657248434,3.0069650769824,2.70969429455289,3.48588916661311,1.78270027204679,2.94632284573721,1.10540079439354,1.61496955166225,4.72080158144894,3.23656304734921,2.82509298063849,3.23765451030395,1.37217881826063,8.35501009926671,4.5424334971927,1.65627844345485
"350",0,0,0,0,0,0,0,0,0,0,0.0607041189242049,0,0,0,0.0577330355592081,0.120082166769293,0.133676779784703,0.128732570161067,0.0874511949948471,0.281550116051654,0.199165761699422,0.0939663194792095,0.412109890386275,0.319761565499925,0.54951088511861,0.728544699559996,0.871965144498751,0.918497121767428,1.39390008888678,0.874256790356624,0.87996438746564,1.3573697265739,0.907104297592907,0.840351606933857,1.28655867891697,0.900019263617892,1.0423917515863,1.27608386616416,0.947548477331972,14.9646284642553,0.906345721187103,0.288777690708324,1.13985474427026,0.99664177071415,0.604690706255153,1.13493957006603,0.783615663819756,0.434613825723627,1.38676958651099,0.530130792021155
"880",0.00865240385671809,0.00871774647757013,0.00865240385671809,0,0.0080886069068885,0,0,0,0,0,0.0547944136106944,0,0,0,0.0123934134638181,0.447809582075426,0.113592025433207,0.36250128076656,0.396110503586364,0.0585503132398028,0.607694797730915,0.290011622118764,0.501510714234773,0.553543215193284,0.623478051235944,1.02971289297519,0.988346973195046,0.648005121718653,1.09838241984426,0.892280383333663,0.566441944361791,0.676115814554884,1.18387917788987,1.57226221652963,2.27651911900152,2.90085814603799,3.45013736763426,2.49283293113392,2.14327406288928,2.16016818423274,0.411628730176537,1.24915462146723,2.19893964756658,0.603338268673311,0.958650087296077,1.73097363573135,1.56490837673124,1.61566412416959,1.18309052478027,0.417440905969695
"314",0,0,0,0,0,0,0,0,0,0,0,0,0,0,0,0,0,0,0,0,0,0.0066537956984001,0.198858236887796,0.0238538532234531,0.308883606637927,0.535474988477913,0.888054838457109,0.274159070918072,0.280016147496997,0.257004714873494,0.419178868245228,0.196057191228004,0.8305750015598,0.773031519590413,1.1892157866486,0.8517049979407,1.18989136969295,1.05588821342146,0.812806677135484,1.40074338329932,0.229095139222452,0.606318634788795,1.38095271710655,0.617350335452076,0.829640271229908,0.448364316851918,0.849498797934376,1.18302764927344,3.83118232704956,0.367998965347407
"300",2.08618633336597,1.09129328411902,1.09501797636303,14.1460326660809,8.60294566028987,4.95931232747704,2.41125395150439,7.66077721962881,1.62793432480621,1.85621918509817,2.4256361895936,3.43228870555161,2.00562855443524,0.952276560114141,1.71899793567178,2.58231949372496,1.62871345609711,6.30069286948447,3.46351740895236,4.62933791825323,1.92268064928347,3.84043856982268,3.71527475477743,2.54537657204156,2.14754174589146,4.40947489806091,4.38481331665075,4.55041367034858,2.73796883681848,2.59060354157573,1.72949584702689,2.40536316998148,3.0455905692686,1.51947967542189,0.623877510375715,1.28577950845819,0.947592923094072,0.87238377373972,0.575920500327965,0.706635150869776,0.4636434303485,0.501109048885652,0.494592879796281,0.246667095999471,0.445762067471146,0.136103158616755,0.143798859540967,0.407039171638775,0.581555377356943,0.344950019205868
"316",0,0,0,0,0,0,0,0,0,0,0,0,0,0,0,0,0,0,0,0,0,0,0,0.0167647523493089,0.00577369839362523,0.487792025534809,0.0345683127165122,0.0264886000519587,0,0,0,0,0,0,0,0,0,0,0,0,0,0,0,0,0,0,0,0,0,0
"301",0.00922241702932785,0,0,0.0783975783108403,0,0.0715779352028874,0.00866690466978668,0.0501147248043321,0.0177899622169306,0.0957185870008405,0.0605049298019791,0,0.0618831080042739,0.0349320799757699,0.00822311528150402,0.0819241302068229,0.165010703858761,0.188523666777856,0.693221570348953,0.140818363029769,0.121860074370408,0.172030725138714,0.354651957161585,0.261894680110517,0.264112128591854,0.350704228538194,0.392773020241455,0.230666777100096,0.390754844551741,0.380101250817435,0.499381994936877,1.18276988148384,0.366301337678626,0.686308870927838,0.478230483463224,0.440516961891975,0.295592183226528,0.726490425907516,0.424935807541005,0.491822770256841,0.270528040044888,0.255414565898688,0.385178469278975,0.311557455942908,0.316214579893567,0.952647732756847,0.459582299427888,0.419542394018779,0.499623626226017,0.224821859928428
"304",0.4341315307556,0.443064566763684,0.0898188353329207,2.65021562580113,0.254628522098221,0.0513682480340579,0.132899332560787,0,0,0.146656099409192,0,0.00924606919481571,0.0378995428119269,0.00113257752991746,1.0324830537565,1.44355443467239,1.65897563817939,2.54214872218538,3.77538535856854,3.18777836791694,4.35316095047355,4.58991976473807,3.05240447365946,4.71660429126804,4.79139910604455,7.59123525777179,14.2023436141816,6.36392195262685,5.95902625879051,2.65796861994597,2.44757256113125,3.55407893200795,2.07976718175747,3.28552460765657,5.46761172617506,5.66941510290347,2.73115919588673,4.96163623129606,2.63128578164296,3.7867013485203,0.722608919836936,0.728738021367604,0.645875841045325,0.998448207516468,0.949597207949365,1.15318595072666,0.826332273757293,1.12495378321144,1.32501737507565,0.350255062558129
"501",0.109213041465942,0.0125553583976425,0.0108971830969627,0.108137250470333,0.0381933570533571,0.0191175662864925,0.111346975175213,0.00426513606063829,0.0144167397488705,0.0826582235550244,0.0632231829711529,0.13718846135553,0.105236344404312,0.0255297717414417,0.036545686437676,0.0270592881146649,0.103008220179972,0.230871325278444,0.0407766573087396,0.041558747903898,0.0197381184494049,0.0922056996492513,0.0129531077601548,0.0311513550305675,0.0886317987918863,0.0744889950769246,0.173305000745347,0.0971087234803528,0.13771064165833,0.154625014044894,0.0704307636229238,0.0463661220673882,0.0377952520888238,0.0613214724273479,0.0451730596370605,0.107599166734325,0.116685701963686,0.060022886270471,0.0727434374741163,0.0128033818985485,0.0169097737312523,0.0352298667992397,0.0563015566296176,0.0382696352398798,0.00636185092410065,0.0359912160958212,0.0278009287461015,0.058570386629148,0.0591736852773864,0.0371705556622695
"503",0,0,0,0,0,0,0,0,0,0,0,0,0,0,0,0.0438613225386942,0,0.0244417645485775,0,0,0.0439493898487828,0,0.0119262802427506,0.356093335523516,0.0159129067107609,0,0,0,0,0,0,0,0,0,0,0,0,0,0,0,0,0,0,0,0,0,0,0,0,0
"320",0.547418957641919,1.46313608802384,0.379575134690748,0.542379059407035,0.721054463926512,0.403144870818935,0.255371629173231,0.79694893601582,0.624295090241053,0.797527037863567,0.418134104550846,0.378828498490708,1.07380683450984,0.530438800442496,0.40370218230685,0.567710637624392,0.229837253182327,0.328920837731482,0.187251359012718,0.593757953213541,0.417564310817216,0.100413348028666,0.0971615380767392,0.165323380558643,0.164305498875907,0.143562989250953,0.43870989953376,0.226350845335853,0.563623747390518,0.439943143610182,0.778113604256847,0.552134461421062,0.371004063995922,0.656258825182657,0.470035907638449,0.273728336022873,0.310696824444694,0.128067150643366,0.595989581906455,0.532538957352202,0.275879266058235,0.415826972464936,0.409795265320891,0.254550265341221,0.240085991237777,0.123212576513223,0.0828916368968348,0.254954962798665,0.256491018089763,0.0938196051451858
"307",0,0,0,0,0,0,0,0,0,0,0,0.0409640949526584,0,0,0,0.00249795213300968,0,0,0,0,0.00861669671656222,0.0134892778405655,0,0,0.00445344316154608,0.0161895559406146,0.0359691810977171,0.18672557918045,0.0548170964316964,0,0,0.0209853079162339,0,0,0.00553895933717894,0,0,0,0,0,0,0,0,0,0,0,0,0,0,0
"23",101.821016541216,85.3943096096591,91.8373763161967,115.844279725414,49.6098600254781,23.7220567543782,92.7726736778859,44.68038177892,90.7997827442688,88.2336115044499,134.451150683762,35.6453889936914,67.4032776832496,45.7677643232454,53.3985117490075,62.615863292662,59.0371704190268,187.648381532706,107.744609097649,77.6524818615425,23.7439127286313,57.8378221335314,13.1328407249066,10.0090605248607,4.47354024410388,7.45046307812563,4.64163544016591,3.70696443841864,6.03058229744615,5.98716551195465,10.187238295916,5.09940611261783,1.0869436306233,9.13691007270538,6.43542352894383,22.2643538180284,3.7224789162515,23.5250677968053,18.0610509668792,6.2359807881558,57.1589183872042,11.1209395705033,32.4016207160898,64.4203140568238,74.7678057241816,332.897264898418,329.072961228543,406.946056316255,168.684069984336,104.307274603951
